means,stds,params
0.916513221,0.002493605,"{'batch_size': 128, 'dropout_rate': 0.2, 'embed_dim': 32, 'epochs': 10, 'hidden_unit': 16, 'learning_rate': 0.001, 'optimizers': <class 'keras.optimizers.RMSprop'>}"
0.916209887,0.012880508,"{'batch_size': 128, 'dropout_rate': 0.2, 'embed_dim': 64, 'epochs': 10, 'hidden_unit': 16, 'learning_rate': 0.001, 'optimizers': <class 'keras.optimizers.RMSprop'>}"
0.915358097,0.01206617,"{'batch_size': 128, 'dropout_rate': 0.2, 'embed_dim': 64, 'epochs': 10, 'hidden_unit': 32, 'learning_rate': 0.001, 'optimizers': <class 'keras.optimizers.RMSprop'>}"
0.915011705,0.003830431,"{'batch_size': 128, 'dropout_rate': 0.2, 'embed_dim': 32, 'epochs': 10, 'hidden_unit': 32, 'learning_rate': 0.001, 'optimizers': <class 'keras.optimizers.Adam'>}"
0.912172418,0.00871437,"{'batch_size': 128, 'dropout_rate': 0.2, 'embed_dim': 64, 'epochs': 10, 'hidden_unit': 16, 'learning_rate': 0.001, 'optimizers': <class 'keras.optimizers.Adam'>}"
0.911604545,0.005791038,"{'batch_size': 128, 'dropout_rate': 0.2, 'embed_dim': 64, 'epochs': 10, 'hidden_unit': 32, 'learning_rate': 0.001, 'optimizers': <class 'keras.optimizers.Adam'>}"
0.909049174,0.002235664,"{'batch_size': 128, 'dropout_rate': 0.2, 'embed_dim': 64, 'epochs': 10, 'hidden_unit': 64, 'learning_rate': 0.001, 'optimizers': <class 'keras.optimizers.Adam'>}"
0.907629531,0.003430736,"{'batch_size': 128, 'dropout_rate': 0.2, 'embed_dim': 32, 'epochs': 10, 'hidden_unit': 64, 'learning_rate': 0.001, 'optimizers': <class 'keras.optimizers.Adam'>}"
0.90081523,0.008238846,"{'batch_size': 128, 'dropout_rate': 0.2, 'embed_dim': 32, 'epochs': 10, 'hidden_unit': 16, 'learning_rate': 0.001, 'optimizers': <class 'keras.optimizers.Adam'>}"
0.90081521,0.010804277,"{'batch_size': 256, 'dropout_rate': 0.2, 'embed_dim': 64, 'epochs': 10, 'hidden_unit': 64, 'learning_rate': 0.001, 'optimizers': <class 'keras.optimizers.Adam'>}"
0.900247357,0.016176501,"{'batch_size': 256, 'dropout_rate': 0.2, 'embed_dim': 64, 'epochs': 10, 'hidden_unit': 64, 'learning_rate': 0.001, 'optimizers': <class 'keras.optimizers.RMSprop'>}"
0.89911165,0.007629192,"{'batch_size': 128, 'dropout_rate': 0.2, 'embed_dim': 64, 'epochs': 10, 'hidden_unit': 64, 'learning_rate': 0.001, 'optimizers': <class 'keras.optimizers.RMSprop'>}"
0.898827713,0.01008648,"{'batch_size': 128, 'dropout_rate': 0.2, 'embed_dim': 32, 'epochs': 10, 'hidden_unit': 32, 'learning_rate': 0.001, 'optimizers': <class 'keras.optimizers.RMSprop'>}"
0.896556279,0.015178958,"{'batch_size': 256, 'dropout_rate': 0.2, 'embed_dim': 64, 'epochs': 10, 'hidden_unit': 32, 'learning_rate': 0.001, 'optimizers': <class 'keras.optimizers.Adam'>}"
0.892013392,0.01564964,"{'batch_size': 256, 'dropout_rate': 0.2, 'embed_dim': 32, 'epochs': 10, 'hidden_unit': 32, 'learning_rate': 0.001, 'optimizers': <class 'keras.optimizers.RMSprop'>}"
0.891463666,0.019307797,"{'batch_size': 128, 'dropout_rate': 0.2, 'embed_dim': 64, 'epochs': 25, 'hidden_unit': 16, 'learning_rate': 0.001, 'optimizers': <class 'keras.optimizers.RMSprop'>}"
0.890175471,0.015298616,"{'batch_size': 128, 'dropout_rate': 0.2, 'embed_dim': 32, 'epochs': 25, 'hidden_unit': 32, 'learning_rate': 0.001, 'optimizers': <class 'keras.optimizers.Adam'>}"
0.889741958,0.009076876,"{'batch_size': 256, 'dropout_rate': 0.2, 'embed_dim': 32, 'epochs': 10, 'hidden_unit': 16, 'learning_rate': 0.01, 'optimizers': <class 'keras.optimizers.RMSprop'>}"
0.889518151,0.019649395,"{'batch_size': 128, 'dropout_rate': 0.2, 'embed_dim': 64, 'epochs': 25, 'hidden_unit': 64, 'learning_rate': 0.001, 'optimizers': <class 'keras.optimizers.Adam'>}"
0.888606232,0.01750259,"{'batch_size': 256, 'dropout_rate': 0.2, 'embed_dim': 64, 'epochs': 10, 'hidden_unit': 16, 'learning_rate': 0.001, 'optimizers': <class 'keras.optimizers.Adam'>}"
0.887581417,0.011396226,"{'batch_size': 128, 'dropout_rate': 0.2, 'embed_dim': 64, 'epochs': 25, 'hidden_unit': 32, 'learning_rate': 0.001, 'optimizers': <class 'keras.optimizers.Adam'>}"
0.88693419,0.018476683,"{'batch_size': 128, 'dropout_rate': 0.2, 'embed_dim': 32, 'epochs': 50, 'hidden_unit': 64, 'learning_rate': 0.001, 'optimizers': <class 'keras.optimizers.Adam'>}"
0.886334798,0.014986542,"{'batch_size': 256, 'dropout_rate': 0.2, 'embed_dim': 32, 'epochs': 10, 'hidden_unit': 64, 'learning_rate': 0.001, 'optimizers': <class 'keras.optimizers.Adam'>}"
0.886283168,0.013252078,"{'batch_size': 128, 'dropout_rate': 0.2, 'embed_dim': 64, 'epochs': 50, 'hidden_unit': 64, 'learning_rate': 0.001, 'optimizers': <class 'keras.optimizers.Adam'>}"
0.886278122,0.018568329,"{'batch_size': 128, 'dropout_rate': 0.2, 'embed_dim': 64, 'epochs': 25, 'hidden_unit': 16, 'learning_rate': 0.001, 'optimizers': <class 'keras.optimizers.Adam'>}"
0.885199091,0.024355122,"{'batch_size': 256, 'dropout_rate': 0.2, 'embed_dim': 32, 'epochs': 10, 'hidden_unit': 32, 'learning_rate': 0.001, 'optimizers': <class 'keras.optimizers.Adam'>}"
0.884347706,0.003027436,"{'batch_size': 128, 'dropout_rate': 0.2, 'embed_dim': 32, 'epochs': 25, 'hidden_unit': 16, 'learning_rate': 0.001, 'optimizers': <class 'keras.optimizers.Adam'>}"
0.884347301,0.013311413,"{'batch_size': 128, 'dropout_rate': 0.2, 'embed_dim': 64, 'epochs': 10, 'hidden_unit': 32, 'learning_rate': 0.01, 'optimizers': <class 'keras.optimizers.Adam'>}"
0.884343931,0.010109851,"{'batch_size': 256, 'dropout_rate': 0.2, 'embed_dim': 32, 'epochs': 50, 'hidden_unit': 64, 'learning_rate': 0.001, 'optimizers': <class 'keras.optimizers.Adam'>}"
0.884063384,0.021727564,"{'batch_size': 256, 'dropout_rate': 0.2, 'embed_dim': 32, 'epochs': 10, 'hidden_unit': 32, 'learning_rate': 0.01, 'optimizers': <class 'keras.optimizers.RMSprop'>}"
0.883779447,0.00627222,"{'batch_size': 128, 'dropout_rate': 0.2, 'embed_dim': 64, 'epochs': 10, 'hidden_unit': 64, 'learning_rate': 0.01, 'optimizers': <class 'keras.optimizers.RMSprop'>}"
0.883692909,0.012149536,"{'batch_size': 256, 'dropout_rate': 0.2, 'embed_dim': 64, 'epochs': 100, 'hidden_unit': 16, 'learning_rate': 0.001, 'optimizers': <class 'keras.optimizers.Adam'>}"
0.883686611,0.017243425,"{'batch_size': 256, 'dropout_rate': 0.2, 'embed_dim': 32, 'epochs': 50, 'hidden_unit': 16, 'learning_rate': 0.001, 'optimizers': <class 'keras.optimizers.Adam'>}"
0.883681565,0.023065217,"{'batch_size': 256, 'dropout_rate': 0.2, 'embed_dim': 32, 'epochs': 100, 'hidden_unit': 64, 'learning_rate': 0.001, 'optimizers': <class 'keras.optimizers.Adam'>}"
0.883211594,0.012537979,"{'batch_size': 128, 'dropout_rate': 0.2, 'embed_dim': 32, 'epochs': 10, 'hidden_unit': 16, 'learning_rate': 0.01, 'optimizers': <class 'keras.optimizers.RMSprop'>}"
0.882400939,0.00982133,"{'batch_size': 256, 'dropout_rate': 0.2, 'embed_dim': 64, 'epochs': 100, 'hidden_unit': 32, 'learning_rate': 0.001, 'optimizers': <class 'keras.optimizers.Adam'>}"
0.882399668,0.007194916,"{'batch_size': 128, 'dropout_rate': 0.2, 'embed_dim': 64, 'epochs': 50, 'hidden_unit': 32, 'learning_rate': 0.001, 'optimizers': <class 'keras.optimizers.Adam'>}"
0.882394621,0.015371028,"{'batch_size': 256, 'dropout_rate': 0.2, 'embed_dim': 64, 'epochs': 50, 'hidden_unit': 16, 'learning_rate': 0.001, 'optimizers': <class 'keras.optimizers.Adam'>}"
0.881754944,0.004223996,"{'batch_size': 128, 'dropout_rate': 0.2, 'embed_dim': 64, 'epochs': 25, 'hidden_unit': 64, 'learning_rate': 0.001, 'optimizers': <class 'keras.optimizers.RMSprop'>}"
0.881749897,0.009018462,"{'batch_size': 256, 'dropout_rate': 0.2, 'embed_dim': 64, 'epochs': 50, 'hidden_unit': 64, 'learning_rate': 0.001, 'optimizers': <class 'keras.optimizers.Adam'>}"
0.881746122,0.014564299,"{'batch_size': 256, 'dropout_rate': 0.2, 'embed_dim': 64, 'epochs': 25, 'hidden_unit': 16, 'learning_rate': 0.001, 'optimizers': <class 'keras.optimizers.Adam'>}"
0.881224077,0.016076554,"{'batch_size': 128, 'dropout_rate': 0.2, 'embed_dim': 64, 'epochs': 25, 'hidden_unit': 32, 'learning_rate': 0.01, 'optimizers': <class 'keras.optimizers.Adam'>}"
0.881101399,0.010576451,"{'batch_size': 128, 'dropout_rate': 0.2, 'embed_dim': 32, 'epochs': 50, 'hidden_unit': 32, 'learning_rate': 0.001, 'optimizers': <class 'keras.optimizers.RMSprop'>}"
0.881095101,0.016788033,"{'batch_size': 256, 'dropout_rate': 0.2, 'embed_dim': 32, 'epochs': 100, 'hidden_unit': 16, 'learning_rate': 0.001, 'optimizers': <class 'keras.optimizers.Adam'>}"
0.880656224,0.023920964,"{'batch_size': 256, 'dropout_rate': 0.2, 'embed_dim': 64, 'epochs': 10, 'hidden_unit': 16, 'learning_rate': 0.001, 'optimizers': <class 'keras.optimizers.RMSprop'>}"
0.880656204,0.006634478,"{'batch_size': 128, 'dropout_rate': 0.2, 'embed_dim': 64, 'epochs': 50, 'hidden_unit': 64, 'learning_rate': 0.01, 'optimizers': <class 'keras.optimizers.Adam'>}"
0.880656204,0.015300609,"{'batch_size': 128, 'dropout_rate': 0.2, 'embed_dim': 64, 'epochs': 10, 'hidden_unit': 16, 'learning_rate': 0.01, 'optimizers': <class 'keras.optimizers.Adam'>}"
0.88045288,0.010667327,"{'batch_size': 128, 'dropout_rate': 0.2, 'embed_dim': 64, 'epochs': 100, 'hidden_unit': 32, 'learning_rate': 0.001, 'optimizers': <class 'keras.optimizers.Adam'>}"
0.880447834,0.016974712,"{'batch_size': 128, 'dropout_rate': 0.2, 'embed_dim': 32, 'epochs': 100, 'hidden_unit': 16, 'learning_rate': 0.001, 'optimizers': <class 'keras.optimizers.Adam'>}"
0.880446582,0.02421913,"{'batch_size': 128, 'dropout_rate': 0.2, 'embed_dim': 32, 'epochs': 100, 'hidden_unit': 64, 'learning_rate': 0.001, 'optimizers': <class 'keras.optimizers.Adam'>}"
0.880446582,0.016845199,"{'batch_size': 128, 'dropout_rate': 0.2, 'embed_dim': 64, 'epochs': 50, 'hidden_unit': 16, 'learning_rate': 0.001, 'optimizers': <class 'keras.optimizers.Adam'>}"
0.879801859,0.017188283,"{'batch_size': 256, 'dropout_rate': 0.2, 'embed_dim': 64, 'epochs': 100, 'hidden_unit': 64, 'learning_rate': 0.001, 'optimizers': <class 'keras.optimizers.Adam'>}"
0.879801839,0.013106939,"{'batch_size': 128, 'dropout_rate': 0.2, 'embed_dim': 64, 'epochs': 100, 'hidden_unit': 16, 'learning_rate': 0.001, 'optimizers': <class 'keras.optimizers.Adam'>}"
0.879148314,0.019855466,"{'batch_size': 256, 'dropout_rate': 0.2, 'embed_dim': 32, 'epochs': 50, 'hidden_unit': 32, 'learning_rate': 0.001, 'optimizers': <class 'keras.optimizers.Adam'>}"
0.878514895,0.003423597,"{'batch_size': 128, 'dropout_rate': 0.2, 'embed_dim': 32, 'epochs': 50, 'hidden_unit': 16, 'learning_rate': 0.001, 'optimizers': <class 'keras.optimizers.Adam'>}"
0.87838479,0.014190808,"{'batch_size': 128, 'dropout_rate': 0.2, 'embed_dim': 32, 'epochs': 25, 'hidden_unit': 16, 'learning_rate': 0.01, 'optimizers': <class 'keras.optimizers.Adam'>}"
0.877533,0.011972292,"{'batch_size': 128, 'dropout_rate': 0.2, 'embed_dim': 64, 'epochs': 50, 'hidden_unit': 32, 'learning_rate': 0.01, 'optimizers': <class 'keras.optimizers.Adam'>}"
0.87753298,0.012867991,"{'batch_size': 128, 'dropout_rate': 0.2, 'embed_dim': 64, 'epochs': 25, 'hidden_unit': 64, 'learning_rate': 0.01, 'optimizers': <class 'keras.optimizers.Adam'>}"
0.8772267,0.005722897,"{'batch_size': 128, 'dropout_rate': 0.2, 'embed_dim': 32, 'epochs': 100, 'hidden_unit': 32, 'learning_rate': 0.001, 'optimizers': <class 'keras.optimizers.Adam'>}"
0.87721915,0.013745913,"{'batch_size': 128, 'dropout_rate': 0.2, 'embed_dim': 32, 'epochs': 50, 'hidden_unit': 32, 'learning_rate': 0.001, 'optimizers': <class 'keras.optimizers.Adam'>}"
0.877206553,0.020202052,"{'batch_size': 256, 'dropout_rate': 0.2, 'embed_dim': 32, 'epochs': 100, 'hidden_unit': 32, 'learning_rate': 0.001, 'optimizers': <class 'keras.optimizers.Adam'>}"
0.877197752,0.0259811,"{'batch_size': 128, 'dropout_rate': 0.2, 'embed_dim': 32, 'epochs': 100, 'hidden_unit': 16, 'learning_rate': 0.001, 'optimizers': <class 'keras.optimizers.RMSprop'>}"
0.87668121,0.013669964,"{'batch_size': 128, 'dropout_rate': 0.2, 'embed_dim': 32, 'epochs': 100, 'hidden_unit': 64, 'learning_rate': 0.01, 'optimizers': <class 'keras.optimizers.Adam'>}"
0.87655428,0.021269456,"{'batch_size': 128, 'dropout_rate': 0.2, 'embed_dim': 64, 'epochs': 100, 'hidden_unit': 32, 'learning_rate': 0.001, 'optimizers': <class 'keras.optimizers.RMSprop'>}"
0.876113356,0.003136109,"{'batch_size': 256, 'dropout_rate': 0.2, 'embed_dim': 64, 'epochs': 25, 'hidden_unit': 32, 'learning_rate': 0.01, 'optimizers': <class 'keras.optimizers.RMSprop'>}"
0.87582942,0.004630745,"{'batch_size': 128, 'dropout_rate': 0.2, 'embed_dim': 32, 'epochs': 100, 'hidden_unit': 32, 'learning_rate': 0.01, 'optimizers': <class 'keras.optimizers.Adam'>}"
0.87582942,0.022668193,"{'batch_size': 256, 'dropout_rate': 0.2, 'embed_dim': 32, 'epochs': 10, 'hidden_unit': 64, 'learning_rate': 0.01, 'optimizers': <class 'keras.optimizers.Adam'>}"
0.8758294,0.039258341,"{'batch_size': 128, 'dropout_rate': 0.2, 'embed_dim': 32, 'epochs': 10, 'hidden_unit': 64, 'learning_rate': 0.001, 'optimizers': <class 'keras.optimizers.RMSprop'>}"
0.875274886,0.004734539,"{'batch_size': 128, 'dropout_rate': 0.2, 'embed_dim': 32, 'epochs': 25, 'hidden_unit': 64, 'learning_rate': 0.001, 'optimizers': <class 'keras.optimizers.Adam'>}"
0.875267336,0.011080474,"{'batch_size': 128, 'dropout_rate': 0.2, 'embed_dim': 32, 'epochs': 25, 'hidden_unit': 16, 'learning_rate': 0.001, 'optimizers': <class 'keras.optimizers.RMSprop'>}"
0.875267336,0.011080474,"{'batch_size': 128, 'dropout_rate': 0.2, 'embed_dim': 64, 'epochs': 50, 'hidden_unit': 64, 'learning_rate': 0.001, 'optimizers': <class 'keras.optimizers.RMSprop'>}"
0.875261566,0.01709717,"{'batch_size': 256, 'dropout_rate': 0.2, 'embed_dim': 64, 'epochs': 10, 'hidden_unit': 32, 'learning_rate': 0.01, 'optimizers': <class 'keras.optimizers.Adam'>}"
0.875261546,0.015002668,"{'batch_size': 128, 'dropout_rate': 0.2, 'embed_dim': 32, 'epochs': 25, 'hidden_unit': 32, 'learning_rate': 0.01, 'optimizers': <class 'keras.optimizers.Adam'>}"
0.87497763,0.01013435,"{'batch_size': 128, 'dropout_rate': 0.2, 'embed_dim': 64, 'epochs': 50, 'hidden_unit': 16, 'learning_rate': 0.01, 'optimizers': <class 'keras.optimizers.RMSprop'>}"
0.874693693,0.009636905,"{'batch_size': 256, 'dropout_rate': 0.2, 'embed_dim': 64, 'epochs': 100, 'hidden_unit': 32, 'learning_rate': 0.01, 'optimizers': <class 'keras.optimizers.Adam'>}"
0.874693693,0.03688025,"{'batch_size': 128, 'dropout_rate': 0.2, 'embed_dim': 32, 'epochs': 10, 'hidden_unit': 64, 'learning_rate': 0.01, 'optimizers': <class 'keras.optimizers.RMSprop'>}"
0.874622593,0.009063622,"{'batch_size': 256, 'dropout_rate': 0.2, 'embed_dim': 32, 'epochs': 100, 'hidden_unit': 16, 'learning_rate': 0.001, 'optimizers': <class 'keras.optimizers.RMSprop'>}"
0.874618837,0.012245178,"{'batch_size': 256, 'dropout_rate': 0.2, 'embed_dim': 64, 'epochs': 50, 'hidden_unit': 32, 'learning_rate': 0.001, 'optimizers': <class 'keras.optimizers.Adam'>}"
0.874608744,0.02249659,"{'batch_size': 128, 'dropout_rate': 0.2, 'embed_dim': 64, 'epochs': 100, 'hidden_unit': 16, 'learning_rate': 0.001, 'optimizers': <class 'keras.optimizers.RMSprop'>}"
0.874125839,0.019502492,"{'batch_size': 128, 'dropout_rate': 0.2, 'embed_dim': 32, 'epochs': 25, 'hidden_unit': 64, 'learning_rate': 0.01, 'optimizers': <class 'keras.optimizers.Adam'>}"
0.873970319,0.015633361,"{'batch_size': 128, 'dropout_rate': 0.2, 'embed_dim': 32, 'epochs': 25, 'hidden_unit': 32, 'learning_rate': 0.001, 'optimizers': <class 'keras.optimizers.RMSprop'>}"
0.873841903,0.006259353,"{'batch_size': 128, 'dropout_rate': 0.2, 'embed_dim': 32, 'epochs': 50, 'hidden_unit': 64, 'learning_rate': 0.01, 'optimizers': <class 'keras.optimizers.Adam'>}"
0.873841903,0.008020702,"{'batch_size': 128, 'dropout_rate': 0.2, 'embed_dim': 32, 'epochs': 10, 'hidden_unit': 32, 'learning_rate': 0.01, 'optimizers': <class 'keras.optimizers.Adam'>}"
0.873274049,0.011047738,"{'batch_size': 256, 'dropout_rate': 0.2, 'embed_dim': 64, 'epochs': 25, 'hidden_unit': 64, 'learning_rate': 0.01, 'optimizers': <class 'keras.optimizers.Adam'>}"
0.872706196,0.000803066,"{'batch_size': 128, 'dropout_rate': 0.2, 'embed_dim': 32, 'epochs': 100, 'hidden_unit': 16, 'learning_rate': 0.01, 'optimizers': <class 'keras.optimizers.Adam'>}"
0.872706196,0.009990136,"{'batch_size': 128, 'dropout_rate': 0.2, 'embed_dim': 64, 'epochs': 100, 'hidden_unit': 32, 'learning_rate': 0.01, 'optimizers': <class 'keras.optimizers.Adam'>}"
0.872706176,0.00949361,"{'batch_size': 256, 'dropout_rate': 0.2, 'embed_dim': 32, 'epochs': 50, 'hidden_unit': 32, 'learning_rate': 0.01, 'optimizers': <class 'keras.optimizers.RMSprop'>}"
0.871570469,0.026839997,"{'batch_size': 128, 'dropout_rate': 0.2, 'embed_dim': 32, 'epochs': 10, 'hidden_unit': 64, 'learning_rate': 0.01, 'optimizers': <class 'keras.optimizers.Adam'>}"
0.871570469,0.010646425,"{'batch_size': 128, 'dropout_rate': 0.2, 'embed_dim': 64, 'epochs': 10, 'hidden_unit': 64, 'learning_rate': 0.01, 'optimizers': <class 'keras.optimizers.Adam'>}"
0.871383835,0.005388011,"{'batch_size': 128, 'dropout_rate': 0.2, 'embed_dim': 64, 'epochs': 100, 'hidden_unit': 64, 'learning_rate': 0.001, 'optimizers': <class 'keras.optimizers.Adam'>}"
0.871286532,0.00846091,"{'batch_size': 128, 'dropout_rate': 0.2, 'embed_dim': 64, 'epochs': 100, 'hidden_unit': 64, 'learning_rate': 0.01, 'optimizers': <class 'keras.optimizers.Adam'>}"
0.870756735,0.018427548,"{'batch_size': 256, 'dropout_rate': 0.2, 'embed_dim': 64, 'epochs': 25, 'hidden_unit': 16, 'learning_rate': 0.001, 'optimizers': <class 'keras.optimizers.RMSprop'>}"
0.870729038,0.018507317,"{'batch_size': 256, 'dropout_rate': 0.2, 'embed_dim': 32, 'epochs': 100, 'hidden_unit': 32, 'learning_rate': 0.001, 'optimizers': <class 'keras.optimizers.RMSprop'>}"
0.870721469,0.027758922,"{'batch_size': 256, 'dropout_rate': 0.2, 'embed_dim': 64, 'epochs': 25, 'hidden_unit': 64, 'learning_rate': 0.001, 'optimizers': <class 'keras.optimizers.Adam'>}"
0.870150826,0.003136111,"{'batch_size': 256, 'dropout_rate': 0.2, 'embed_dim': 64, 'epochs': 10, 'hidden_unit': 16, 'learning_rate': 0.01, 'optimizers': <class 'keras.optimizers.RMSprop'>}"
0.870081791,0.012395332,"{'batch_size': 128, 'dropout_rate': 0.2, 'embed_dim': 32, 'epochs': 100, 'hidden_unit': 32, 'learning_rate': 0.001, 'optimizers': <class 'keras.optimizers.RMSprop'>}"
0.869866889,0.005791046,"{'batch_size': 256, 'dropout_rate': 0.2, 'embed_dim': 32, 'epochs': 50, 'hidden_unit': 32, 'learning_rate': 0.01, 'optimizers': <class 'keras.optimizers.Adam'>}"
0.869440823,0.003957027,"{'batch_size': 256, 'dropout_rate': 0.2, 'embed_dim': 64, 'epochs': 25, 'hidden_unit': 32, 'learning_rate': 0.001, 'optimizers': <class 'keras.optimizers.Adam'>}"
0.868781,0.0179435,"{'batch_size': 128, 'dropout_rate': 0.2, 'embed_dim': 32, 'epochs': 100, 'hidden_unit': 64, 'learning_rate': 0.001, 'optimizers': <class 'keras.optimizers.RMSprop'>}"
0.868731162,0.003477402,"{'batch_size': 256, 'dropout_rate': 0.2, 'embed_dim': 32, 'epochs': 50, 'hidden_unit': 16, 'learning_rate': 0.01, 'optimizers': <class 'keras.optimizers.RMSprop'>}"
0.868731162,0.011699816,"{'batch_size': 256, 'dropout_rate': 0.2, 'embed_dim': 32, 'epochs': 25, 'hidden_unit': 64, 'learning_rate': 0.01, 'optimizers': <class 'keras.optimizers.Adam'>}"
0.868163309,0.015321692,"{'batch_size': 128, 'dropout_rate': 0.2, 'embed_dim': 64, 'epochs': 100, 'hidden_unit': 16, 'learning_rate': 0.01, 'optimizers': <class 'keras.optimizers.Adam'>}"
0.868136276,0.013213463,"{'batch_size': 256, 'dropout_rate': 0.2, 'embed_dim': 64, 'epochs': 100, 'hidden_unit': 32, 'learning_rate': 0.001, 'optimizers': <class 'keras.optimizers.RMSprop'>}"
0.868129958,0.020377897,"{'batch_size': 256, 'dropout_rate': 0.2, 'embed_dim': 32, 'epochs': 50, 'hidden_unit': 16, 'learning_rate': 0.001, 'optimizers': <class 'keras.optimizers.RMSprop'>}"
0.868129958,0.020128719,"{'batch_size': 256, 'dropout_rate': 0.2, 'embed_dim': 64, 'epochs': 100, 'hidden_unit': 16, 'learning_rate': 0.001, 'optimizers': <class 'keras.optimizers.RMSprop'>}"
0.867879392,0.007261048,"{'batch_size': 256, 'dropout_rate': 0.2, 'embed_dim': 32, 'epochs': 25, 'hidden_unit': 32, 'learning_rate': 0.01, 'optimizers': <class 'keras.optimizers.Adam'>}"
0.867595455,0.014258811,"{'batch_size': 128, 'dropout_rate': 0.2, 'embed_dim': 32, 'epochs': 50, 'hidden_unit': 32, 'learning_rate': 0.01, 'optimizers': <class 'keras.optimizers.Adam'>}"
0.867311538,0.028012795,"{'batch_size': 128, 'dropout_rate': 0.2, 'embed_dim': 32, 'epochs': 10, 'hidden_unit': 32, 'learning_rate': 0.01, 'optimizers': <class 'keras.optimizers.RMSprop'>}"
0.867311538,0.004734041,"{'batch_size': 128, 'dropout_rate': 0.2, 'embed_dim': 64, 'epochs': 25, 'hidden_unit': 32, 'learning_rate': 0.01, 'optimizers': <class 'keras.optimizers.RMSprop'>}"
0.867027602,0.012066177,"{'batch_size': 128, 'dropout_rate': 0.2, 'embed_dim': 32, 'epochs': 100, 'hidden_unit': 32, 'learning_rate': 0.01, 'optimizers': <class 'keras.optimizers.RMSprop'>}"
0.867027602,0.014371428,"{'batch_size': 128, 'dropout_rate': 0.2, 'embed_dim': 64, 'epochs': 100, 'hidden_unit': 16, 'learning_rate': 0.01, 'optimizers': <class 'keras.optimizers.RMSprop'>}"
0.866856862,0.008210621,"{'batch_size': 256, 'dropout_rate': 0.2, 'embed_dim': 32, 'epochs': 50, 'hidden_unit': 32, 'learning_rate': 0.001, 'optimizers': <class 'keras.optimizers.RMSprop'>}"
0.866843014,0.012221553,"{'batch_size': 128, 'dropout_rate': 0.2, 'embed_dim': 32, 'epochs': 50, 'hidden_unit': 64, 'learning_rate': 0.001, 'optimizers': <class 'keras.optimizers.RMSprop'>}"
0.866743665,0.009645269,"{'batch_size': 128, 'dropout_rate': 0.2, 'embed_dim': 32, 'epochs': 100, 'hidden_unit': 16, 'learning_rate': 0.01, 'optimizers': <class 'keras.optimizers.RMSprop'>}"
0.866175812,0.029168857,"{'batch_size': 256, 'dropout_rate': 0.2, 'embed_dim': 32, 'epochs': 10, 'hidden_unit': 64, 'learning_rate': 0.001, 'optimizers': <class 'keras.optimizers.RMSprop'>}"
0.866175812,0.019135267,"{'batch_size': 128, 'dropout_rate': 0.2, 'embed_dim': 64, 'epochs': 10, 'hidden_unit': 16, 'learning_rate': 0.01, 'optimizers': <class 'keras.optimizers.RMSprop'>}"
0.866175792,0.010385771,"{'batch_size': 256, 'dropout_rate': 0.2, 'embed_dim': 64, 'epochs': 100, 'hidden_unit': 16, 'learning_rate': 0.01, 'optimizers': <class 'keras.optimizers.Adam'>}"
0.866175792,0.005563853,"{'batch_size': 128, 'dropout_rate': 0.2, 'embed_dim': 32, 'epochs': 25, 'hidden_unit': 16, 'learning_rate': 0.01, 'optimizers': <class 'keras.optimizers.RMSprop'>}"
0.865891895,0.020541281,"{'batch_size': 256, 'dropout_rate': 0.2, 'embed_dim': 64, 'epochs': 100, 'hidden_unit': 16, 'learning_rate': 0.01, 'optimizers': <class 'keras.optimizers.RMSprop'>}"
0.865891895,0.016106589,"{'batch_size': 256, 'dropout_rate': 0.2, 'embed_dim': 32, 'epochs': 25, 'hidden_unit': 16, 'learning_rate': 0.01, 'optimizers': <class 'keras.optimizers.Adam'>}"
0.865891895,0.004884909,"{'batch_size': 256, 'dropout_rate': 0.2, 'embed_dim': 64, 'epochs': 10, 'hidden_unit': 64, 'learning_rate': 0.01, 'optimizers': <class 'keras.optimizers.Adam'>}"
0.865891875,0.013054589,"{'batch_size': 256, 'dropout_rate': 0.2, 'embed_dim': 64, 'epochs': 25, 'hidden_unit': 16, 'learning_rate': 0.01, 'optimizers': <class 'keras.optimizers.RMSprop'>}"
0.865891875,0.011307371,"{'batch_size': 256, 'dropout_rate': 0.2, 'embed_dim': 64, 'epochs': 25, 'hidden_unit': 64, 'learning_rate': 0.01, 'optimizers': <class 'keras.optimizers.RMSprop'>}"
0.865607958,0.013915452,"{'batch_size': 256, 'dropout_rate': 0.2, 'embed_dim': 32, 'epochs': 50, 'hidden_unit': 16, 'learning_rate': 0.01, 'optimizers': <class 'keras.optimizers.Adam'>}"
0.865607938,0.013669973,"{'batch_size': 256, 'dropout_rate': 0.2, 'embed_dim': 32, 'epochs': 100, 'hidden_unit': 16, 'learning_rate': 0.01, 'optimizers': <class 'keras.optimizers.Adam'>}"
0.865324022,0.013432011,"{'batch_size': 256, 'dropout_rate': 0.2, 'embed_dim': 32, 'epochs': 25, 'hidden_unit': 64, 'learning_rate': 0.01, 'optimizers': <class 'keras.optimizers.RMSprop'>}"
0.865324002,0.014065257,"{'batch_size': 256, 'dropout_rate': 0.2, 'embed_dim': 64, 'epochs': 100, 'hidden_unit': 32, 'learning_rate': 0.01, 'optimizers': <class 'keras.optimizers.RMSprop'>}"
0.865040105,0.010134333,"{'batch_size': 256, 'dropout_rate': 0.2, 'embed_dim': 64, 'epochs': 50, 'hidden_unit': 16, 'learning_rate': 0.01, 'optimizers': <class 'keras.optimizers.Adam'>}"
0.865040085,0.016521681,"{'batch_size': 256, 'dropout_rate': 0.2, 'embed_dim': 32, 'epochs': 10, 'hidden_unit': 16, 'learning_rate': 0.01, 'optimizers': <class 'keras.optimizers.Adam'>}"
0.864911347,0.009537167,"{'batch_size': 128, 'dropout_rate': 0.2, 'embed_dim': 32, 'epochs': 100, 'hidden_unit': 32, 'learning_rate': 0.0001, 'optimizers': <class 'keras.optimizers.Adam'>}"
0.864894975,0.017907244,"{'batch_size': 128, 'dropout_rate': 0.2, 'embed_dim': 64, 'epochs': 100, 'hidden_unit': 64, 'learning_rate': 0.001, 'optimizers': <class 'keras.optimizers.RMSprop'>}"
0.864894975,0.014126116,"{'batch_size': 256, 'dropout_rate': 0.2, 'embed_dim': 32, 'epochs': 25, 'hidden_unit': 64, 'learning_rate': 0.001, 'optimizers': <class 'keras.optimizers.Adam'>}"
0.864893724,0.015593588,"{'batch_size': 256, 'dropout_rate': 0.2, 'embed_dim': 32, 'epochs': 25, 'hidden_unit': 16, 'learning_rate': 0.001, 'optimizers': <class 'keras.optimizers.Adam'>}"
0.864472251,0.014867713,"{'batch_size': 256, 'dropout_rate': 0.2, 'embed_dim': 32, 'epochs': 100, 'hidden_unit': 32, 'learning_rate': 0.01, 'optimizers': <class 'keras.optimizers.Adam'>}"
0.864472251,0.013214175,"{'batch_size': 256, 'dropout_rate': 0.2, 'embed_dim': 64, 'epochs': 25, 'hidden_unit': 32, 'learning_rate': 0.01, 'optimizers': <class 'keras.optimizers.Adam'>}"
0.864472231,0.012066177,"{'batch_size': 256, 'dropout_rate': 0.2, 'embed_dim': 64, 'epochs': 50, 'hidden_unit': 16, 'learning_rate': 0.01, 'optimizers': <class 'keras.optimizers.RMSprop'>}"
0.864472212,0.007744563,"{'batch_size': 256, 'dropout_rate': 0.2, 'embed_dim': 64, 'epochs': 50, 'hidden_unit': 64, 'learning_rate': 0.01, 'optimizers': <class 'keras.optimizers.Adam'>}"
0.864267875,0.010061592,"{'batch_size': 256, 'dropout_rate': 0.2, 'embed_dim': 64, 'epochs': 25, 'hidden_unit': 32, 'learning_rate': 0.001, 'optimizers': <class 'keras.optimizers.RMSprop'>}"
0.864188295,0.01669639,"{'batch_size': 256, 'dropout_rate': 0.2, 'embed_dim': 32, 'epochs': 25, 'hidden_unit': 32, 'learning_rate': 0.01, 'optimizers': <class 'keras.optimizers.RMSprop'>}"
0.863904378,0.011686033,"{'batch_size': 128, 'dropout_rate': 0.2, 'embed_dim': 64, 'epochs': 25, 'hidden_unit': 16, 'learning_rate': 0.01, 'optimizers': <class 'keras.optimizers.Adam'>}"
0.863596707,0.016803614,"{'batch_size': 128, 'dropout_rate': 0.2, 'embed_dim': 64, 'epochs': 100, 'hidden_unit': 16, 'learning_rate': 0.0001, 'optimizers': <class 'keras.optimizers.Adam'>}"
0.86358411,0.030327852,"{'batch_size': 128, 'dropout_rate': 0.2, 'embed_dim': 64, 'epochs': 100, 'hidden_unit': 32, 'learning_rate': 0.0001, 'optimizers': <class 'keras.optimizers.Adam'>}"
0.863582839,0.035970022,"{'batch_size': 128, 'dropout_rate': 0.2, 'embed_dim': 64, 'epochs': 25, 'hidden_unit': 32, 'learning_rate': 0.001, 'optimizers': <class 'keras.optimizers.RMSprop'>}"
0.863336505,0.014360204,"{'batch_size': 256, 'dropout_rate': 0.2, 'embed_dim': 64, 'epochs': 10, 'hidden_unit': 16, 'learning_rate': 0.01, 'optimizers': <class 'keras.optimizers.Adam'>}"
0.863052588,0.024710031,"{'batch_size': 256, 'dropout_rate': 0.2, 'embed_dim': 64, 'epochs': 50, 'hidden_unit': 32, 'learning_rate': 0.01,, 'optimizers': <class 'keras.optimizers.Adam'>}"
0.862948208,0.024230223,"{'batch_size': 256, 'dropout_rate': 0.2, 'embed_dim': 32, 'epochs': 25, 'hidden_unit': 32, 'learning_rate': 0.001, 'optimizers': <class 'keras.optimizers.RMSprop'>}"
0.862768651,0.004230461,"{'batch_size': 128, 'dropout_rate': 0.2, 'embed_dim': 32, 'epochs': 50, 'hidden_unit': 16, 'learning_rate': 0.01, 'optimizers': <class 'keras.optimizers.RMSprop'>}"
0.862484734,0.015018782,"{'batch_size': 128, 'dropout_rate': 0.2, 'embed_dim': 64, 'epochs': 50, 'hidden_unit': 16, 'learning_rate': 0.01, 'optimizers': <class 'keras.optimizers.Adam'>}"
0.862484734,0.009391152,"{'batch_size': 256, 'dropout_rate': 0.2, 'embed_dim': 32, 'epochs': 10, 'hidden_unit': 32, 'learning_rate': 0.01, 'optimizers': <class 'keras.optimizers.Adam'>}"
0.862484715,0.02116752,"{'batch_size': 256, 'dropout_rate': 0.2, 'embed_dim': 32, 'epochs': 25, 'hidden_unit': 16, 'learning_rate': 0.01, 'optimizers': <class 'keras.optimizers.RMSprop'>}"
0.861916861,0.004868371,"{'batch_size': 128, 'dropout_rate': 0.2, 'embed_dim': 64, 'epochs': 25, 'hidden_unit': 16, 'learning_rate': 0.01, 'optimizers': <class 'keras.optimizers.RMSprop'>}"
0.861632944,0.009442522,"{'batch_size': 256, 'dropout_rate': 0.2, 'embed_dim': 64, 'epochs': 50, 'hidden_unit': 64, 'learning_rate': 0.01, 'optimizers': <class 'keras.optimizers.RMSprop'>}"
0.861349008,0.010532241,"{'batch_size': 128, 'dropout_rate': 0.2, 'embed_dim': 32, 'epochs': 50, 'hidden_unit': 16, 'learning_rate': 0.01, 'optimizers': <class 'keras.optimizers.Adam'>}"
0.861348988,0.011003878,"{'batch_size': 256, 'dropout_rate': 0.2, 'embed_dim': 64, 'epochs': 100, 'hidden_unit': 64, 'learning_rate': 0.01, 'optimizers': <class 'keras.optimizers.RMSprop'>}"
0.861065071,0.009094602,"{'batch_size': 256, 'dropout_rate': 0.2, 'embed_dim': 32, 'epochs': 100, 'hidden_unit': 16, 'learning_rate': 0.01, 'optimizers': <class 'keras.optimizers.RMSprop'>}"
0.860365479,0.007409342,"{'batch_size': 256, 'dropout_rate': 0.2, 'embed_dim': 32, 'epochs': 100, 'hidden_unit': 64, 'learning_rate': 0.001, 'optimizers': <class 'keras.optimizers.RMSprop'>}"
0.860360453,0.020403067,"{'batch_size': 128, 'dropout_rate': 0.2, 'embed_dim': 64, 'epochs': 50, 'hidden_unit': 16, 'learning_rate': 0.001, 'optimizers': <class 'keras.optimizers.RMSprop'>}"
0.860357929,0.028573651,"{'batch_size': 128, 'dropout_rate': 0.2, 'embed_dim': 64, 'epochs': 100, 'hidden_unit': 32, 'learning_rate': 0.0001, 'optimizers': <class 'keras.optimizers.RMSprop'>}"
0.859929364,0.012525141,"{'batch_size': 256, 'dropout_rate': 0.2, 'embed_dim': 32, 'epochs': 100, 'hidden_unit': 32, 'learning_rate': 0.01, 'optimizers': <class 'keras.optimizers.RMSprop'>}"
0.859645427,0.006754892,"{'batch_size': 128, 'dropout_rate': 0.2, 'embed_dim': 64, 'epochs': 50, 'hidden_unit': 32, 'learning_rate': 0.01, 'optimizers': <class 'keras.optimizers.RMSprop'>}"
0.859361491,0.009860156,"{'batch_size': 128, 'dropout_rate': 0.2, 'embed_dim': 32, 'epochs': 10, 'hidden_unit': 16, 'learning_rate': 0.01, 'optimizers': <class 'keras.optimizers.Adam'>}"
0.859077554,0.010826618,"{'batch_size': 128, 'dropout_rate': 0.2, 'embed_dim': 64, 'epochs': 50, 'hidden_unit': 64, 'learning_rate': 0.01, 'optimizers': <class 'keras.optimizers.RMSprop'>}"
0.857752571,0.03630654,"{'batch_size': 256, 'dropout_rate': 0.2, 'embed_dim': 64, 'epochs': 50, 'hidden_unit': 64, 'learning_rate': 0.001, 'optimizers': <class 'keras.optimizers.RMSprop'>}"
0.857373994,0.00737125,"{'batch_size': 128, 'dropout_rate': 0.2, 'embed_dim': 64, 'epochs': 25, 'hidden_unit': 64, 'learning_rate': 0.01, 'optimizers': <class 'keras.optimizers.RMSprop'>}"
0.856522204,0.009941589,"{'batch_size': 256, 'dropout_rate': 0.2, 'embed_dim': 32, 'epochs': 100, 'hidden_unit': 64, 'learning_rate': 0.01, 'optimizers': <class 'keras.optimizers.Adam'>}"
0.856238287,0.016955146,"{'batch_size': 128, 'dropout_rate': 0.2, 'embed_dim': 64, 'epochs': 100, 'hidden_unit': 32, 'learning_rate': 0.01, 'optimizers': <class 'keras.optimizers.RMSprop'>}"
0.855386477,0.019675307,"{'batch_size': 128, 'dropout_rate': 0.2, 'embed_dim': 32, 'epochs': 25, 'hidden_unit': 64, 'learning_rate': 0.01, 'optimizers': <class 'keras.optimizers.RMSprop'>}"
0.85452641,0.020609155,"{'batch_size': 128, 'dropout_rate': 0.2, 'embed_dim': 32, 'epochs': 100, 'hidden_unit': 16, 'learning_rate': 0.0001, 'optimizers': <class 'keras.optimizers.Adam'>}"
0.854520092,0.020015415,"{'batch_size': 128, 'dropout_rate': 0.2, 'embed_dim': 32, 'epochs': 100, 'hidden_unit': 64, 'learning_rate': 0.0001, 'optimizers': <class 'keras.optimizers.Adam'>}"
0.853966833,0.015018784,"{'batch_size': 128, 'dropout_rate': 0.2, 'embed_dim': 32, 'epochs': 50, 'hidden_unit': 32, 'learning_rate': 0.01, 'optimizers': <class 'keras.optimizers.RMSprop'>}"
0.853862772,0.045507952,"{'batch_size': 128, 'dropout_rate': 0.2, 'embed_dim': 64, 'epochs': 50, 'hidden_unit': 32, 'learning_rate': 0.001, 'optimizers': <class 'keras.optimizers.RMSprop'>}"
0.853682917,0.01013435,"{'batch_size': 256, 'dropout_rate': 0.2, 'embed_dim': 64, 'epochs': 100, 'hidden_unit': 64, 'learning_rate': 0.01, 'optimizers': <class 'keras.optimizers.Adam'>}"
0.853236923,0.012543089,"{'batch_size': 256, 'dropout_rate': 0.2, 'embed_dim': 32, 'epochs': 25, 'hidden_unit': 32, 'learning_rate': 0.001, 'optimizers': <class 'keras.optimizers.Adam'>}"
0.853115063,0.025117734,"{'batch_size': 256, 'dropout_rate': 0.2, 'embed_dim': 32, 'epochs': 10, 'hidden_unit': 16, 'learning_rate': 0.001, 'optimizers': <class 'keras.optimizers.RMSprop'>}"
0.852831126,0.020446856,"{'batch_size': 256, 'dropout_rate': 0.2, 'embed_dim': 64, 'epochs': 10, 'hidden_unit': 64, 'learning_rate': 0.01, 'optimizers': <class 'keras.optimizers.RMSprop'>}"
0.852263273,0.014360204,"{'batch_size': 256, 'dropout_rate': 0.2, 'embed_dim': 32, 'epochs': 100, 'hidden_unit': 64, 'learning_rate': 0.01, 'optimizers': <class 'keras.optimizers.RMSprop'>}"
0.852263273,0.051018908,"{'batch_size': 256, 'dropout_rate': 0.2, 'embed_dim': 64, 'epochs': 10, 'hidden_unit': 32, 'learning_rate': 0.01, 'optimizers': <class 'keras.optimizers.RMSprop'>}"
0.8516954,0.020024588,"{'batch_size': 256, 'dropout_rate': 0.2, 'embed_dim': 32, 'epochs': 50, 'hidden_unit': 64, 'learning_rate': 0.01, 'optimizers': <class 'keras.optimizers.Adam'>}"
0.850559693,0.013311436,"{'batch_size': 128, 'dropout_rate': 0.2, 'embed_dim': 32, 'epochs': 100, 'hidden_unit': 64, 'learning_rate': 0.01, 'optimizers': <class 'keras.optimizers.RMSprop'>}"
0.850559693,0.015509938,"{'batch_size': 256, 'dropout_rate': 0.2, 'embed_dim': 64, 'epochs': 25, 'hidden_unit': 16, 'learning_rate': 0.01, 'optimizers': <class 'keras.optimizers.Adam'>}"
0.849991819,0.011385554,"{'batch_size': 128, 'dropout_rate': 0.2, 'embed_dim': 32, 'epochs': 50, 'hidden_unit': 64, 'learning_rate': 0.01, 'optimizers': <class 'keras.optimizers.RMSprop'>}"
0.849323222,0.048262242,"{'batch_size': 128, 'dropout_rate': 0.2, 'embed_dim': 32, 'epochs': 50, 'hidden_unit': 16, 'learning_rate': 0.001, 'optimizers': <class 'keras.optimizers.RMSprop'>}"
0.849140049,0.010863788,"{'batch_size': 128, 'dropout_rate': 0.2, 'embed_dim': 32, 'epochs': 25, 'hidden_unit': 32, 'learning_rate': 0.01, 'optimizers': <class 'keras.optimizers.RMSprop'>}"
0.849140029,0.008460926,"{'batch_size': 128, 'dropout_rate': 0.2, 'embed_dim': 64, 'epochs': 100, 'hidden_unit': 64, 'learning_rate': 0.01, 'optimizers': <class 'keras.optimizers.RMSprop'>}"
0.848856113,0.012905534,"{'batch_size': 256, 'dropout_rate': 0.2, 'embed_dim': 32, 'epochs': 50, 'hidden_unit': 64, 'learning_rate': 0.01, 'optimizers': <class 'keras.optimizers.RMSprop'>}"
0.848856113,0.060175649,"{'batch_size': 128, 'dropout_rate': 0.2, 'embed_dim': 64, 'epochs': 10, 'hidden_unit': 32, 'learning_rate': 0.01, 'optimizers': <class 'keras.optimizers.RMSprop'>}"
0.847720386,0.063110354,"{'batch_size': 256, 'dropout_rate': 0.2, 'embed_dim': 64, 'epochs': 10, 'hidden_unit': 32, 'learning_rate': 0.001, 'optimizers': <class 'keras.optimizers.RMSprop'>}"
0.845732869,0.015752338,"{'batch_size': 256, 'dropout_rate': 0.2, 'embed_dim': 64, 'epochs': 50, 'hidden_unit': 32, 'learning_rate': 0.01, 'optimizers': <class 'keras.optimizers.RMSprop'>}"
0.845732869,0.01460513,"{'batch_size': 256, 'dropout_rate': 0.2, 'embed_dim': 32, 'epochs': 10, 'hidden_unit': 64, 'learning_rate': 0.01, 'optimizers': <class 'keras.optimizers.RMSprop'>}"
0.844810117,0.028065591,"{'batch_size': 256, 'dropout_rate': 0.2, 'embed_dim': 64, 'epochs': 100, 'hidden_unit': 64, 'learning_rate': 0.0001, 'optimizers': <class 'keras.optimizers.Adam'>}"
0.842189619,0.038534956,"{'batch_size': 128, 'dropout_rate': 0.2, 'embed_dim': 64, 'epochs': 100, 'hidden_unit': 16, 'learning_rate': 0.0001, 'optimizers': <class 'keras.optimizers.RMSprop'>}"
0.841599036,0.026206304,"{'batch_size': 256, 'dropout_rate': 0.2, 'embed_dim': 64, 'epochs': 100, 'hidden_unit': 64, 'learning_rate': 0.001, 'optimizers': <class 'keras.optimizers.RMSprop'>}"
0.837643772,0.06962245,"{'batch_size': 256, 'dropout_rate': 0.2, 'embed_dim': 64, 'epochs': 50, 'hidden_unit': 16, 'learning_rate': 0.001, 'optimizers': <class 'keras.optimizers.RMSprop'>}"
0.834375701,0.070974469,"{'batch_size': 256, 'dropout_rate': 0.2, 'embed_dim': 32, 'epochs': 10, 'hidden_unit': 16, 'learning_rate': 0.001, 'optimizers': <class 'keras.optimizers.Adam'>}"
0.833789239,0.014795959,"{'batch_size': 128, 'dropout_rate': 0.2, 'embed_dim': 64, 'epochs': 100, 'hidden_unit': 64, 'learning_rate': 0.0001, 'optimizers': <class 'keras.optimizers.Adam'>}"
0.832495997,0.032020774,"{'batch_size': 256, 'dropout_rate': 0.2, 'embed_dim': 64, 'epochs': 25, 'hidden_unit': 64, 'learning_rate': 0.001, 'optimizers': <class 'keras.optimizers.RMSprop'>}"
0.831873923,0.023521496,"{'batch_size': 128, 'dropout_rate': 0.2, 'embed_dim': 32, 'epochs': 25, 'hidden_unit': 64, 'learning_rate': 0.001, 'optimizers': <class 'keras.optimizers.RMSprop'>}"
0.83120653,0.010355225,"{'batch_size': 128, 'dropout_rate': 0.2, 'embed_dim': 64, 'epochs': 50, 'hidden_unit': 64, 'learning_rate': 0.0001, 'optimizers': <class 'keras.optimizers.Adam'>}"
0.827318002,0.013525444,"{'batch_size': 128, 'dropout_rate': 0.2, 'embed_dim': 64, 'epochs': 100, 'hidden_unit': 64, 'learning_rate': 0.0001, 'optimizers': <class 'keras.optimizers.RMSprop'>}"
0.826048681,0.033038542,"{'batch_size': 256, 'dropout_rate': 0.2, 'embed_dim': 32, 'epochs': 50, 'hidden_unit': 64, 'learning_rate': 0.001, 'optimizers': <class 'keras.optimizers.RMSprop'>}"
0.826015939,0.036460098,"{'batch_size': 128, 'dropout_rate': 0.2, 'embed_dim': 64, 'epochs': 50, 'hidden_unit': 32, 'learning_rate': 0.0001, 'optimizers': <class 'keras.optimizers.Adam'>}"
0.81892392,0.04124736,"{'batch_size': 256, 'dropout_rate': 0.2, 'embed_dim': 32, 'epochs': 25, 'hidden_unit': 64, 'learning_rate': 0.001, 'optimizers': <class 'keras.optimizers.RMSprop'>}"
0.80523472,0.056772519,"{'batch_size': 256, 'dropout_rate': 0.2, 'embed_dim': 32, 'epochs': 25, 'hidden_unit': 16, 'learning_rate': 0.001, 'optimizers': <class 'keras.optimizers.RMSprop'>}"
0.800041625,0.098679992,"{'batch_size': 256, 'dropout_rate': 0.2, 'embed_dim': 64, 'epochs': 50, 'hidden_unit': 32, 'learning_rate': 0.001, 'optimizers': <class 'keras.optimizers.RMSprop'>}"
0.794280598,0.036137263,"{'batch_size': 128, 'dropout_rate': 0.2, 'embed_dim': 32, 'epochs': 100, 'hidden_unit': 32, 'learning_rate': 0.0001, 'optimizers': <class 'keras.optimizers.RMSprop'>}"
0.78779299,0.013268708,"{'batch_size': 256, 'dropout_rate': 0.2, 'embed_dim': 64, 'epochs': 100, 'hidden_unit': 32, 'learning_rate': 0.0001, 'optimizers': <class 'keras.optimizers.Adam'>}"
0.783946007,0.058720682,"{'batch_size': 128, 'dropout_rate': 0.2, 'embed_dim': 32, 'epochs': 100, 'hidden_unit': 64, 'learning_rate': 0.0001, 'optimizers': <class 'keras.optimizers.RMSprop'>}"
0.783934682,0.056750857,"{'batch_size': 256, 'dropout_rate': 0.2, 'embed_dim': 64, 'epochs': 100, 'hidden_unit': 64, 'learning_rate': 0.0001, 'optimizers': <class 'keras.optimizers.RMSprop'>}"
0.783874223,0.02737279,"{'batch_size': 128, 'dropout_rate': 0.2, 'embed_dim': 32, 'epochs': 100, 'hidden_unit': 16, 'learning_rate': 0.0001, 'optimizers': <class 'keras.optimizers.RMSprop'>}"
0.758622695,0.027042965,"{'batch_size': 128, 'dropout_rate': 0.2, 'embed_dim': 32, 'epochs': 50, 'hidden_unit': 64, 'learning_rate': 0.0001, 'optimizers': <class 'keras.optimizers.Adam'>}"
0.756038754,0.014250549,"{'batch_size': 256, 'dropout_rate': 0.2, 'embed_dim': 32, 'epochs': 100, 'hidden_unit': 64, 'learning_rate': 0.0001, 'optimizers': <class 'keras.optimizers.Adam'>}"
0.739851206,0.026903057,"{'batch_size': 128, 'dropout_rate': 0.2, 'embed_dim': 64, 'epochs': 50, 'hidden_unit': 64, 'learning_rate': 0.0001, 'optimizers': <class 'keras.optimizers.RMSprop'>}"
0.73532172,0.036142698,"{'batch_size': 256, 'dropout_rate': 0.2, 'embed_dim': 32, 'epochs': 100, 'hidden_unit': 64, 'learning_rate': 0.0001, 'optimizers': <class 'keras.optimizers.RMSprop'>}"
0.731436967,0.03858151,"{'batch_size': 256, 'dropout_rate': 0.2, 'embed_dim': 64, 'epochs': 100, 'hidden_unit': 16, 'learning_rate': 0.0001, 'optimizers': <class 'keras.optimizers.Adam'>}"
0.728193173,0.034850166,"{'batch_size': 128, 'dropout_rate': 0.2, 'embed_dim': 64, 'epochs': 50, 'hidden_unit': 16, 'learning_rate': 0.0001, 'optimizers': <class 'keras.optimizers.Adam'>}"
0.723657389,0.052848157,"{'batch_size': 256, 'dropout_rate': 0.2, 'embed_dim': 32, 'epochs': 100, 'hidden_unit': 32, 'learning_rate': 0.0001, 'optimizers': <class 'keras.optimizers.Adam'>}"
0.721062083,0.035546492,"{'batch_size': 256, 'dropout_rate': 0.2, 'embed_dim': 64, 'epochs': 100, 'hidden_unit': 16, 'learning_rate': 0.0001, 'optimizers': <class 'keras.optimizers.RMSprop'>}"
0.716516226,0.032748223,"{'batch_size': 256, 'dropout_rate': 0.2, 'embed_dim': 64, 'epochs': 100, 'hidden_unit': 32, 'learning_rate': 0.0001, 'optimizers': <class 'keras.optimizers.RMSprop'>}"
0.71455741,0.021559956,"{'batch_size': 256, 'dropout_rate': 0.2, 'embed_dim': 64, 'epochs': 10, 'hidden_unit': 16, 'learning_rate': 0.0001, 'optimizers': <class 'keras.optimizers.RMSprop'>}"
0.711972921,0.015216657,"{'batch_size': 128, 'dropout_rate': 0.2, 'embed_dim': 32, 'epochs': 50, 'hidden_unit': 32, 'learning_rate': 0.0001, 'optimizers': <class 'keras.optimizers.Adam'>}"
0.710644423,0.028276373,"{'batch_size': 128, 'dropout_rate': 0.2, 'embed_dim': 32, 'epochs': 50, 'hidden_unit': 64, 'learning_rate': 0.0001, 'optimizers': <class 'keras.optimizers.RMSprop'>}"
0.708310943,0.027735144,"{'batch_size': 256, 'dropout_rate': 0.2, 'embed_dim': 32, 'epochs': 10, 'hidden_unit': 16, 'learning_rate': 0.0001, 'optimizers': <class 'keras.optimizers.Adam'>}"
0.708027026,0.019076159,"{'batch_size': 256, 'dropout_rate': 0.2, 'embed_dim': 32, 'epochs': 10, 'hidden_unit': 32, 'learning_rate': 0.0001, 'optimizers': <class 'keras.optimizers.Adam'>}"
0.704850633,0.022510639,"{'batch_size': 256, 'dropout_rate': 0.2, 'embed_dim': 32, 'epochs': 100, 'hidden_unit': 16, 'learning_rate': 0.0001, 'optimizers': <class 'keras.optimizers.Adam'>}"
0.700644852,0.014053802,"{'batch_size': 256, 'dropout_rate': 0.2, 'embed_dim': 64, 'epochs': 10, 'hidden_unit': 16, 'learning_rate': 0.0001, 'optimizers': <class 'keras.optimizers.Adam'>}"
0.700314869,0.034524923,"{'batch_size': 128, 'dropout_rate': 0.2, 'embed_dim': 64, 'epochs': 50, 'hidden_unit': 16, 'learning_rate': 0.0001, 'optimizers': <class 'keras.optimizers.RMSprop'>}"
0.697727133,0.042025797,"{'batch_size': 128, 'dropout_rate': 0.2, 'embed_dim': 64, 'epochs': 50, 'hidden_unit': 32, 'learning_rate': 0.0001, 'optimizers': <class 'keras.optimizers.RMSprop'>}"
0.69771706,0.030155617,"{'batch_size': 256, 'dropout_rate': 0.2, 'embed_dim': 64, 'epochs': 50, 'hidden_unit': 16, 'learning_rate': 0.0001, 'optimizers': <class 'keras.optimizers.RMSprop'>}"
0.697087426,0.037635959,"{'batch_size': 256, 'dropout_rate': 0.2, 'embed_dim': 64, 'epochs': 50, 'hidden_unit': 64, 'learning_rate': 0.0001, 'optimizers': <class 'keras.optimizers.Adam'>}"
0.695096581,0.018378018,"{'batch_size': 256, 'dropout_rate': 0.2, 'embed_dim': 32, 'epochs': 100, 'hidden_unit': 32, 'learning_rate': 0.0001, 'optimizers': <class 'keras.optimizers.RMSprop'>}"
0.693832307,0.033308578,"{'batch_size': 256, 'dropout_rate': 0.2, 'embed_dim': 64, 'epochs': 25, 'hidden_unit': 16, 'learning_rate': 0.0001, 'optimizers': <class 'keras.optimizers.Adam'>}"
0.693830551,0.017405621,"{'batch_size': 256, 'dropout_rate': 0.2, 'embed_dim': 32, 'epochs': 10, 'hidden_unit': 16, 'learning_rate': 0.0001, 'optimizers': <class 'keras.optimizers.RMSprop'>}"
0.692978761,0.01815375,"{'batch_size': 128, 'dropout_rate': 0.2, 'embed_dim': 64, 'epochs': 10, 'hidden_unit': 16, 'learning_rate': 0.0001, 'optimizers': <class 'keras.optimizers.Adam'>}"
0.692126951,0.017871787,"{'batch_size': 128, 'dropout_rate': 0.2, 'embed_dim': 64, 'epochs': 10, 'hidden_unit': 16, 'learning_rate': 0.0001, 'optimizers': <class 'keras.optimizers.RMSprop'>}"
0.691843034,0.017097193,"{'batch_size': 256, 'dropout_rate': 0.2, 'embed_dim': 64, 'epochs': 10, 'hidden_unit': 32, 'learning_rate': 0.0001, 'optimizers': <class 'keras.optimizers.Adam'>}"
0.691559097,0.017134873,"{'batch_size': 128, 'dropout_rate': 0.2, 'embed_dim': 32, 'epochs': 10, 'hidden_unit': 16, 'learning_rate': 0.0001, 'optimizers': <class 'keras.optimizers.RMSprop'>}"
0.691559097,0.017134873,"{'batch_size': 128, 'dropout_rate': 0.2, 'embed_dim': 32, 'epochs': 10, 'hidden_unit': 32, 'learning_rate': 0.0001, 'optimizers': <class 'keras.optimizers.Adam'>}"
0.691559097,0.017134873,"{'batch_size': 128, 'dropout_rate': 0.2, 'embed_dim': 32, 'epochs': 10, 'hidden_unit': 32, 'learning_rate': 0.0001, 'optimizers': <class 'keras.optimizers.RMSprop'>}"
0.691559097,0.017134873,"{'batch_size': 128, 'dropout_rate': 0.2, 'embed_dim': 32, 'epochs': 10, 'hidden_unit': 64, 'learning_rate': 0.0001, 'optimizers': <class 'keras.optimizers.Adam'>}"
0.691559097,0.017134873,"{'batch_size': 128, 'dropout_rate': 0.2, 'embed_dim': 32, 'epochs': 10, 'hidden_unit': 64, 'learning_rate': 0.0001, 'optimizers': <class 'keras.optimizers.RMSprop'>}"
0.691559097,0.017134873,"{'batch_size': 128, 'dropout_rate': 0.2, 'embed_dim': 64, 'epochs': 10, 'hidden_unit': 32, 'learning_rate': 0.0001, 'optimizers': <class 'keras.optimizers.Adam'>}"
0.691559097,0.017134873,"{'batch_size': 128, 'dropout_rate': 0.2, 'embed_dim': 64, 'epochs': 10, 'hidden_unit': 32, 'learning_rate': 0.0001, 'optimizers': <class 'keras.optimizers.RMSprop'>}"
0.691559097,0.017134873,"{'batch_size': 128, 'dropout_rate': 0.2, 'embed_dim': 64, 'epochs': 10, 'hidden_unit': 64, 'learning_rate': 0.0001, 'optimizers': <class 'keras.optimizers.Adam'>}"
0.691559097,0.017134873,"{'batch_size': 128, 'dropout_rate': 0.2, 'embed_dim': 64, 'epochs': 10, 'hidden_unit': 64, 'learning_rate': 0.0001, 'optimizers': <class 'keras.optimizers.RMSprop'>}"
0.691559097,0.017134873,"{'batch_size': 256, 'dropout_rate': 0.2, 'embed_dim': 32, 'epochs': 10, 'hidden_unit': 32, 'learning_rate': 0.0001, 'optimizers': <class 'keras.optimizers.RMSprop'>}"
0.691559097,0.017134873,"{'batch_size': 256, 'dropout_rate': 0.2, 'embed_dim': 32, 'epochs': 10, 'hidden_unit': 64, 'learning_rate': 0.0001, 'optimizers': <class 'keras.optimizers.Adam'>}"
0.691559097,0.017134873,"{'batch_size': 256, 'dropout_rate': 0.2, 'embed_dim': 32, 'epochs': 10, 'hidden_unit': 64, 'learning_rate': 0.0001, 'optimizers': <class 'keras.optimizers.RMSprop'>}"
0.691559097,0.017134873,"{'batch_size': 256, 'dropout_rate': 0.2, 'embed_dim': 64, 'epochs': 10, 'hidden_unit': 32, 'learning_rate': 0.0001, 'optimizers': <class 'keras.optimizers.RMSprop'>}"
0.691559097,0.017134873,"{'batch_size': 256, 'dropout_rate': 0.2, 'embed_dim': 64, 'epochs': 10, 'hidden_unit': 64, 'learning_rate': 0.0001, 'optimizers': <class 'keras.optimizers.Adam'>}"
0.691559097,0.017134873,"{'batch_size': 256, 'dropout_rate': 0.2, 'embed_dim': 64, 'epochs': 10, 'hidden_unit': 64, 'learning_rate': 0.0001, 'optimizers': <class 'keras.optimizers.RMSprop'>}"
0.686678568,0.013121422,"{'batch_size': 256, 'dropout_rate': 0.2, 'embed_dim': 64, 'epochs': 50, 'hidden_unit': 16, 'learning_rate': 0.0001, 'optimizers': <class 'keras.optimizers.Adam'>}"
0.678270607,0.018374149,"{'batch_size': 128, 'dropout_rate': 0.2, 'embed_dim': 32, 'epochs': 50, 'hidden_unit': 16, 'learning_rate': 0.0001, 'optimizers': <class 'keras.optimizers.Adam'>}"
0.674390901,0.031362257,"{'batch_size': 128, 'dropout_rate': 0.2, 'embed_dim': 64, 'epochs': 25, 'hidden_unit': 64, 'learning_rate': 0.0001, 'optimizers': <class 'keras.optimizers.Adam'>}"
0.670494814,0.014830237,"{'batch_size': 256, 'dropout_rate': 0.2, 'embed_dim': 64, 'epochs': 25, 'hidden_unit': 16, 'learning_rate': 0.0001, 'optimizers': <class 'keras.optimizers.RMSprop'>}"
0.669173876,0.013918895,"{'batch_size': 256, 'dropout_rate': 0.2, 'embed_dim': 32, 'epochs': 25, 'hidden_unit': 16, 'learning_rate': 0.0001, 'optimizers': <class 'keras.optimizers.Adam'>}"
0.668554315,0.020369801,"{'batch_size': 128, 'dropout_rate': 0.2, 'embed_dim': 64, 'epochs': 25, 'hidden_unit': 16, 'learning_rate': 0.0001, 'optimizers': <class 'keras.optimizers.RMSprop'>}"
0.666005444,0.041595437,"{'batch_size': 128, 'dropout_rate': 0.2, 'embed_dim': 32, 'epochs': 10, 'hidden_unit': 16, 'learning_rate': 0.0001, 'optimizers': <class 'keras.optimizers.Adam'>}"
0.665302971,0.015851792,"{'batch_size': 256, 'dropout_rate': 0.2, 'embed_dim': 32, 'epochs': 25, 'hidden_unit': 16, 'learning_rate': 0.0001, 'optimizers': <class 'keras.optimizers.RMSprop'>}"
0.664663274,0.016700504,"{'batch_size': 128, 'dropout_rate': 0.2, 'embed_dim': 64, 'epochs': 25, 'hidden_unit': 16, 'learning_rate': 0.0001, 'optimizers': <class 'keras.optimizers.Adam'>}"
0.664014766,0.019587422,"{'batch_size': 128, 'dropout_rate': 0.2, 'embed_dim': 32, 'epochs': 50, 'hidden_unit': 32, 'learning_rate': 0.0001, 'optimizers': <class 'keras.optimizers.RMSprop'>}"
0.661415695,0.014473079,"{'batch_size': 256, 'dropout_rate': 0.2, 'embed_dim': 32, 'epochs': 100, 'hidden_unit': 16, 'learning_rate': 0.0001, 'optimizers': <class 'keras.optimizers.RMSprop'>}"
0.660114903,0.008555067,"{'batch_size': 128, 'dropout_rate': 0.2, 'embed_dim': 32, 'epochs': 50, 'hidden_unit': 16, 'learning_rate': 0.0001, 'optimizers': <class 'keras.optimizers.RMSprop'>}"
0.657529681,0.015059103,"{'batch_size': 256, 'dropout_rate': 0.2, 'embed_dim': 32, 'epochs': 50, 'hidden_unit': 32, 'learning_rate': 0.0001, 'optimizers': <class 'keras.optimizers.RMSprop'>}"
0.655584156,0.012449108,"{'batch_size': 128, 'dropout_rate': 0.2, 'embed_dim': 32, 'epochs': 25, 'hidden_unit': 16, 'learning_rate': 0.0001, 'optimizers': <class 'keras.optimizers.RMSprop'>}"
0.655584156,0.012449108,"{'batch_size': 128, 'dropout_rate': 0.2, 'embed_dim': 64, 'epochs': 25, 'hidden_unit': 32, 'learning_rate': 0.0001, 'optimizers': <class 'keras.optimizers.RMSprop'>}"
0.654935647,0.01159365,"{'batch_size': 256, 'dropout_rate': 0.2, 'embed_dim': 32, 'epochs': 50, 'hidden_unit': 16, 'learning_rate': 0.0001, 'optimizers': <class 'keras.optimizers.RMSprop'>}"
0.654930611,0.004343859,"{'batch_size': 256, 'dropout_rate': 0.2, 'embed_dim': 32, 'epochs': 25, 'hidden_unit': 32, 'learning_rate': 0.0001, 'optimizers': <class 'keras.optimizers.RMSprop'>}"
0.654930611,0.004343859,"{'batch_size': 256, 'dropout_rate': 0.2, 'embed_dim': 64, 'epochs': 50, 'hidden_unit': 32, 'learning_rate': 0.0001, 'optimizers': <class 'keras.optimizers.RMSprop'>}"
0.654929349,0.003897761,"{'batch_size': 256, 'dropout_rate': 0.2, 'embed_dim': 32, 'epochs': 25, 'hidden_unit': 32, 'learning_rate': 0.0001, 'optimizers': <class 'keras.optimizers.Adam'>}"
0.654929349,0.003897761,"{'batch_size': 256, 'dropout_rate': 0.2, 'embed_dim': 64, 'epochs': 25, 'hidden_unit': 32, 'learning_rate': 0.0001, 'optimizers': <class 'keras.optimizers.RMSprop'>}"
0.654287139,0.010748366,"{'batch_size': 256, 'dropout_rate': 0.2, 'embed_dim': 64, 'epochs': 25, 'hidden_unit': 32, 'learning_rate': 0.0001, 'optimizers': <class 'keras.optimizers.Adam'>}"
0.654287139,0.010748366,"{'batch_size': 256, 'dropout_rate': 0.2, 'embed_dim': 64, 'epochs': 50, 'hidden_unit': 64, 'learning_rate': 0.0001, 'optimizers': <class 'keras.optimizers.RMSprop'>}"
0.652341613,0.007672769,"{'batch_size': 128, 'dropout_rate': 0.2, 'embed_dim': 32, 'epochs': 25, 'hidden_unit': 16, 'learning_rate': 0.0001, 'optimizers': <class 'keras.optimizers.Adam'>}"
0.652340352,0.006718181,"{'batch_size': 256, 'dropout_rate': 0.2, 'embed_dim': 32, 'epochs': 50, 'hidden_unit': 16, 'learning_rate': 0.0001, 'optimizers': <class 'keras.optimizers.Adam'>}"
0.651693105,0.007537147,"{'batch_size': 128, 'dropout_rate': 0.2, 'embed_dim': 32, 'epochs': 25, 'hidden_unit': 32, 'learning_rate': 0.0001, 'optimizers': <class 'keras.optimizers.Adam'>}"
0.651693105,0.007537147,"{'batch_size': 128, 'dropout_rate': 0.2, 'embed_dim': 32, 'epochs': 25, 'hidden_unit': 32, 'learning_rate': 0.0001, 'optimizers': <class 'keras.optimizers.RMSprop'>}"
0.651693105,0.007537147,"{'batch_size': 128, 'dropout_rate': 0.2, 'embed_dim': 32, 'epochs': 25, 'hidden_unit': 64, 'learning_rate': 0.0001, 'optimizers': <class 'keras.optimizers.Adam'>}"
0.651693105,0.007537147,"{'batch_size': 128, 'dropout_rate': 0.2, 'embed_dim': 32, 'epochs': 25, 'hidden_unit': 64, 'learning_rate': 0.0001, 'optimizers': <class 'keras.optimizers.RMSprop'>}"
0.651693105,0.007537147,"{'batch_size': 128, 'dropout_rate': 0.2, 'embed_dim': 64, 'epochs': 25, 'hidden_unit': 32, 'learning_rate': 0.0001, 'optimizers': <class 'keras.optimizers.Adam'>}"
0.651693105,0.007537147,"{'batch_size': 128, 'dropout_rate': 0.2, 'embed_dim': 64, 'epochs': 25, 'hidden_unit': 64, 'learning_rate': 0.0001, 'optimizers': <class 'keras.optimizers.RMSprop'>}"
0.651693105,0.007537147,"{'batch_size': 256, 'dropout_rate': 0.2, 'embed_dim': 32, 'epochs': 25, 'hidden_unit': 64, 'learning_rate': 0.0001, 'optimizers': <class 'keras.optimizers.Adam'>}"
0.651693105,0.007537147,"{'batch_size': 256, 'dropout_rate': 0.2, 'embed_dim': 32, 'epochs': 25, 'hidden_unit': 64, 'learning_rate': 0.0001, 'optimizers': <class 'keras.optimizers.RMSprop'>}"
0.651693105,0.007537147,"{'batch_size': 256, 'dropout_rate': 0.2, 'embed_dim': 32, 'epochs': 50, 'hidden_unit': 32, 'learning_rate': 0.0001, 'optimizers': <class 'keras.optimizers.Adam'>}"
0.651693105,0.007537147,"{'batch_size': 256, 'dropout_rate': 0.2, 'embed_dim': 32, 'epochs': 50, 'hidden_unit': 64, 'learning_rate': 0.0001, 'optimizers': <class 'keras.optimizers.Adam'>}"
0.651693105,0.007537147,"{'batch_size': 256, 'dropout_rate': 0.2, 'embed_dim': 32, 'epochs': 50, 'hidden_unit': 64, 'learning_rate': 0.0001, 'optimizers': <class 'keras.optimizers.RMSprop'>}"
0.651693105,0.007537147,"{'batch_size': 256, 'dropout_rate': 0.2, 'embed_dim': 64, 'epochs': 25, 'hidden_unit': 64, 'learning_rate': 0.0001, 'optimizers': <class 'keras.optimizers.Adam'>}"
0.651693105,0.007537147,"{'batch_size': 256, 'dropout_rate': 0.2, 'embed_dim': 64, 'epochs': 25, 'hidden_unit': 64, 'learning_rate': 0.0001, 'optimizers': <class 'keras.optimizers.RMSprop'>}"
0.651693105,0.007537147,"{'batch_size': 256, 'dropout_rate': 0.2, 'embed_dim': 64, 'epochs': 50, 'hidden_unit': 32, 'learning_rate': 0.0001, 'optimizers': <class 'keras.optimizers.Adam'>}"
